Index,Track
1,Under Stars - 2005 Mix - Brian Eno
2,"Below the Clouds - Fumana, QuickNap"
3,"Daybreak - Floating Dreaming, MS Carina, Sagano"
4,"Majestic - Fumana, As you see"
5,"Float - Metric System 1981, Suseti"
6,Mont-Tremblant - Fumana
7,"Drifting Away (Eonfade Remix) - FLO27, Eonfade"
8,"Engel - Fumana, QuickNap"
9,"In My Dreams - Dellasollounge, Floating Dreaming"
10,"Cape Spear - MS Carina, Fumana"
11,"Sun Through Scattered Memories - Metric System 1981 Rework - Winter Silhouette, Christian Alsemgeest, Metric System 1981"
12,"Dreams Within - Dellasollounge, Floating Dreaming"
13,"Chapter 5 - Discipline - Michael D. Tidwell, Piscean Daydreams"
14,"Close To - Metric System 1981, Marko Zoric"
15,"Invisible Among Many - Michael D. Tidwell, KapTep"
16,"Luminous Dreams - Dellasollounge, Floating Dreaming"
17,Lower Horizon - Fumana
18,"In the Beginning - Slow + Reverb - Lune, Metric System 1981"
19,Reborn - Silent Shades
20,"All Is Lost, None Will Follow - Michael D. Tidwell, KapTep"
21,Liberty Star Cruiser - Ancient Astronaut
22,"DRIFT - Piscean Daydreams Rework - Michael D. Tidwell, Suseti, Piscean Daydreams"
23,"Resonating - MS Carina, As you see"
24,"Forest Recipe - Atmøsphäre, Kilometre Club"
25,"Somnambulism - Ambient Version - A.e.r.o., Imprum, Vaqm"
26,Landscape for Early Risers - Vantalis
27,"Agape Sheen - Suseti, Willebrant"
28,"Chapter 6 - Idealism - Michael D. Tidwell, Piscean Daydreams"
29,98 Below - Marston Mortaine
30,Haze - Winter Silhouette
31,Close Signals - Raumhafen 81
32,"Beneath the Cordyceps - Michael D. Tidwell, KapTep"
33,"Music for Migraines (Part 8) - Metric System 1981 Remix - KapTep, Brannan Lane, Metric System 1981"
34,An Evening Under The Stars - Belle Brume
35,"ECLIPSE - Michael D. Tidwell, Suseti"
36,"Frozen Horizon - Drone Version - Lauge, Baba Gnohm"
37,"Chapter 7 - Spirit - Michael D. Tidwell, Piscean Daydreams"
38,"A Wish - Dellasollounge, As you see"
39,Melancholy - FLO27
40,"Aurora - Lauge, Baba Gnohm"
41,"Arcane Frequencies - Michael D. Tidwell, KapTep"
42,Theory of Mind - Pulse Mandala
43,"Moonrise - Le Code Remix - Metric System 1981, Le Code"
44,"Chapter 8 - Prospects - Michael D. Tidwell, Piscean Daydreams"
45,"DRIFT - Michael D. Tidwell, Suseti"
46,"Mørkeblå II - drone version - Markus Artved, Lauge"
47,"Mont-Tremblant - Nature Version - Fumana, As you see"
48,Morning Birds - FLO27
49,The Mind's Eye - Pulse Mandala
50,Afar - moonder
51,"Phosphenes - Metric System 1981, Marko Zoric"
52,Below The Ocean - Metric System 1981
53,"Northern Lights - Dionisaf Rework - Brannan Lane, Dionisaf"
54,"Ocean Mornings - Lune, Metric System 1981"
55,"Replicating - Antarctic Wastelands, Pulse Mandala"
56,Meditation for Mother Earth - Nicholas Peters
57,"Astral Journey - A.e.r.o., Metric System 1981"
58,The Last Tree - Vantalis
59,"Before the Rain - Lune, Metric System 1981"
60,"A Golden Afternoon - MS Carina, Sagano"
61,Dreams I See - As you see
62,Night Sky - Fumana
63,Breath Of Aether - FLO27
64,Sleep - Dellasollounge
65,"Sollys - Applefish Rework - Lauge, Applefish"
66,"Appearance - Metric System 1981, KapTep"
67,"Looking to the Sky - Ancient Astronaut Remix - Le Code, Ancient Astronaut"
68,Moonrise - Metric System 1981
69,Sea of Tranquility - Metric System 1981
70,Alaska Wind - Vantalis
71,"Dream On - Dellasollounge, Floating Dreaming"
72,"Music for Migraines (Part 7) - KapTep, Brannan Lane"
73,"Mojave - Metric System 1981, Ghostloop"
74,"Dancing Waves - As you see, MS Carina"
75,"Space Walk - Metric System 1981, Le Code"
76,"Touch of Gravity - Applefish, Pulse Mandala"
77,"Float - Nature Version - Metric System 1981, Suseti"
78,A Separate Reality - Metric System 1981
79,"Comets - A.e.r.o., Unusual Cosmic Process"
80,"Klara Sahara - Raumhafen 81, moonder"
81,Calm Embers - Floating Dreaming
82,"Flower Shower - Sacred Seeds, Atmøsphäre"
83,"Cosmic Alignment - Applefish, Pulse Mandala"
84,"Down To The Sea - Kilometre Club Rework - Metric System 1981, Kilometre Club"
85,Hyakutake - Metric System 1981
86,What You Seek Is Seeking You - Ceramic
87,Stillness - Metric System 1981
88,Blue åragonite - Dellasollounge
89,"My Own River - Music Only - Raf21, Le Code"
90,"Trust - Perry Frank, We Dream of Eden"
91,"Underwater Cities - Dionisaf, Le Code"
92,Close Waters - Solo Version - Metric System 1981
93,"Forming Mist - Winter Silhouette, Atmøsphäre"
94,Kursohio - Solo Version - Metric System 1981
95,Oceania - Solo Version - Metric System 1981
96,Everlasting - Atmøsphäre
97,"dandelion - Ostel, Edoardo Gastaldi"
98,"Floating, along - Metric System 1981"
99,"Last Morning - Bålsam, Atmøsphäre"
100,Lunar - Metric System 1981
101,The Box - Ambient Edition - Lnt Mike
102,"Labrador - Fumana, Metric System 1981"
103,Dark Star - Metric System 1981
104,Down To The Sea - Metric System 1981
105,Homewards - Fumana
106,Sun - Telekaster
107,"Pryp'yat - Lauge, Low Profile"
108,Mirror - Reprise - Sagano
109,1619 Broadway - Fumana
110,Farewell - MS Carina
111,Inner Peace - Revisor451
112,Elysium - MS Carina
113,"Flores Veritatis - Edoardo Gastaldi, Le Code"
114,"Jameos Del Agua, For HB - Sagano"
115,Manta - Revisor451
116,Bright Air - Metric System 1981
117,Now That You're Here - Ceramic
118,"Circadian Cycles - Pulse Mandala, Suseti"
119,Kirkjufell - Revisor451
120,Below - Metric System 1981
121,Nebula - Metric System 1981
122,Acadia - Revisor451
123,Alpha Centauri - Age Of Ato
124,Railay - Revisor451
125,Himmelskib - Stilhed
126,Mountain View - Revisor451
127,Future Ambient - Analog Devices
128,Diesseits - Revisor451
129,Like Waves - Sagano
130,"Nautilus, echoing - Revisor451"
131,New Moon - Metric System 1981
132,Schöneberg - Raumhafen 81
133,Omega - Andreas Baaden
134,Medusa - Revisor451
135,Pictures Never Taken - KapTep
136,"La Scena - Revisor451 Remix - Mikkele, Revisor451"
137,"Night Sky, Stars - Metric System 1981 Remix - Fumana, Metric System 1981"
138,"A lifetime - Sagano Remix - Marko Zoric, Sagano"
139,"Symbiosis - Imagine The Sea, Metric System 1981"
140,Dreem - moonder
141,Chasing the Stars - SamudraVisions
142,Tranquility - Digital Archeology
143,newyearseve - Quiet Winter
144,aurum - vesle
145,Zen - Hygiea
146,Discern - Zen Hero
147,Exaltation - Sonora Ultima
148,The Years That Were Stolen - Davis Branch
149,18.10 - ANDRÉ R.
150,Zhovten - Bohdan Stupak
151,tape 4 - RK MUSIC
152,Gesundheit! - Mago
153,Another end sequence - Coffee Swans
154,"Hypersonic (Ambient Version) - NDNL, A.e.r.o."
155,The Birth of the Planet - PuzzleWaves
156,Blue Giant - Interstellar Mentor
157,Cocoon - Morning Haze
158,Patagonia - Flower Frequency
159,Cirrus - MULVEY
160,Orpheus - Silent Shades
